form,headword
abandoned,abandon
abandoning,abandon
abandons,abandon
abilities,ability
abler,able
ablest,able
abortions,abortion
absences,absence
absolutes,absolute
abstracted,abstract
abstracting,abstract
abstracts,abstract
abused,abuse
abuses,abuse
abusing,abuse
academics,academic
accepted,accept
accepting,accept
accepts,accept
accessed,access
accesses,access
accessing,access
accidents,accident
accommodations,accommodation
accompanied,accompany
accompanies,accompany
accompanying,accompany
accomplished,accomplish
accomplishes,accomplish
accomplishing,accomplish
accorded,accord
according,accord
accords,accord
accounted,account
accounting,account
accounts,account
accused,accuse
accuses,accuse
accusing,accuse
achieved,achieve
achievements,achievement
achieves,achieve
achieving,achieve
acknowledged,acknowledge
acknowledges,acknowledge
acknowledging,acknowledge
acquired,acquire
acquires,acquire
acquiring,acquire
acquisitions,acquisition
acted,act
acting,act
actions,action
actives,active
activities,activity
actors,actor
acts,act
adapted,adapt
adapting,adapt
adapts,adapt
added,add
adding,add
additions,addition
addressed,address
addresses,address
addressing,address
adds,add
adjusted,adjust
adjusting,adjust
adjustments,adjustment
adjusts,adjust
administrations,administration
admired,admire
admires,admire
admiring,admire
admits,admit
admitted,admit
admitting,admit
adopted,adopt
adopting,adopt
adopts,adopt
ads,ad
adults,adult
advanced,advance
advances,advance
advancing,advance
advantaged,advantage
advantages,advantage
adventured,adventure
adventures,adventure
adventuring,adventure
advertised,advertise
advertisements,advertisement
advertises,advertise
advertising,advertise
advertisment,advertisement
advertisments,advertisement
advertize,advertise
advertized,advertise
advertizes,advertise
advertizing,advertise
advices,advice
advised,advise
advisers,adviser
advises,advise
advising,advise
advocated,advocate
advocates,advocate
advocating,advocate
affairs,affair
affected,affect
affecting,affect
affects,affect
afforded,afford
affording,afford
affords,afford
afternoons,afternoon
aged,age
ageing,age
agencies,agency
agendas,agenda
agents,agent
ages,age
aging,age
agreed,agree
agreeing,agree
agreements,agreement
agrees,agree
aided,aid
aiding,aid
aids,aid
aimed,aim
aiming,aim
aims,aim
ain,be
aircrafts,aircraft
aired,air
airing,air
airlines,airline
airs,air
alarmed,alarm
alarming,alarm
alarms,alarm
albums,album
alcohols,alcohol
alleged,allege
alleges,allege
allied,ally
allies,ally
allowed,allow
allowing,allow
allows,allow
altered,alter
altering,alter
alternatives,alternative
alters,alter
am,be
amazed,amaze
amazes,amaze
amazing,amaze
amendments,amendment
amounted,amount
amounts,amount
an,a
analyse,analyze
analysed,analyze
analyses,analysis
analysing,analyze
analysts,analyst
analyzed,analyze
analyzes,analyze
analyzing,analyze
ancients,ancient
ands,and
angered,anger
angers,anger
angled,angle
angles,angle
angling,angle
angrier,angry
angriest,angry
animals,animal
announced,announce
announcements,announcement
announces,announce
announcing,announce
annuals,annual
answered,answer
answering,answer
answers,answer
anticipated,anticipate
anticipates,anticipate
anticipating,anticipate
anxieties,anxiety
anyways,anyway
apartments,apartment
apologise,apologize
apologised,apologize
apologises,apologize
apologising,apologize
apologized,apologize
apologizes,apologize
apologizing,apologize
appealed,appeal
appealing,appeal
appeals,appeal
appearances,appearance
appeared,appear
appearing,appear
appears,appear
applications,application
applied,apply
applies,apply
applying,apply
appointed,appoint
appointing,appoint
appointments,appointment
appoints,appoint
appreciated,appreciate
appreciates,appreciate
appreciating,appreciate
approached,approach
approaches,approach
approaching,approach
appropriated,appropriate
appropriates,appropriate
appropriating,appropriate
approvals,approval
approved,approve
approves,approve
approving,approve
architectures,architecture
are,be
areas,area
aren,be
argued,argue
argues,argue
arguing,argue
arguments,argument
arisen,arise
arises,arise
arising,arise
armed,arm
armies,army
arming,arm
arms,arm
arose,arise
arranged,arrange
arrangements,arrangement
arranges,arrange
arranging,arrange
arrested,arrest
arresting,arrest
arrests,arrest
arrivals,arrival
arrived,arrive
arrives,arrive
arriving,arrive
articled,article
articles,article
articling,article
artists,artist
arts,art
asides,aside
asked,ask
asking,ask
asks,ask
assessed,assess
assesses,assess
assessing,assess
assessments,assessment
assets,asset
assigned,assign
assigning,assign
assigns,assign
assistances,assistance
assistants,assistant
assisted,assist
assisting,assist
assists,assist
associated,associate
associates,associate
associating,associate
associations,association
assumed,assume
assumes,assume
assuming,assume
assumptions,assumption
assured,assure
assures,assure
assuring,assure
ate,eat
athletes,athlete
atmospheres,atmosphere
attached,attach
attaches,attach
attaching,attach
attachments,attachment
attacked,attack
attacking,attack
attacks,attack
attempted,attempt
attempting,attempt
attempts,attempt
attendances,attendance
attended,attend
attending,attend
attends,attend
attentions,attention
attitudes,attitude
attracted,attract
attracting,attract
attractions,attraction
attracts,attract
attributed,attribute
attributes,attribute
attributing,attribute
audiences,audience
aunts,aunt
authored,author
authoring,author
authors,author
autumns,autumn
averaged,average
averages,average
averaging,average
avoided,avoid
avoiding,avoid
avoids,avoid
awarded,award
awarding,award
awards,award
babied,baby
babies,baby
babying,baby
backed,back
backgrounds,background
backing,back
backs,back
baddest,bad
bade,bid
bagged,bag
bagging,bag
bags,bag
balanced,balance
balances,balance
balancing,balance
balled,ball
balling,ball
balls,ball
banded,band
bands,band
banked,bank
banking,bank
banks,bank
banned,ban
banning,ban
bans,ban
barred,bar
barriers,barrier
barring,bar
bars,bar
based,base
baser,base
bases,base
basest,base
basics,basic
basing,base
baths,bath
battled,battle
battles,battle
battling,battle
beached,beach
beaches,beach
beaching,beach
bearing,bear
bearings,bear
bears,bear
beaten,beat
beating,beat
beatings,beat
beats,beat
beauties,beauty
became,become
becomes,become
becoming,become
bedded,bed
bedding,bed
beddings,bed
bedrooms,bedroom
beds,bed
been,be
beers,beer
began,begin
beginning,begin
beginnings,begin
begins,begin
begun,begin
behaved,behave
behaves,behave
behaving,behave
behaviors,behavior
behaviour,behavior
behaviours,behavior
bein,be
being,be
beings,be
beliefs,belief
believed,believe
believes,believe
believing,believe
belled,bell
belling,bell
bells,bell
belonged,belong
belonging,belong
belongings,belong
belongs,belong
belted,belt
belting,belt
belts,belt
bended,bend
bending,bend
bends,bend
benefited,benefit
benefiting,benefit
benefits,benefit
benefitted,benefit
benefitting,benefit
bent,bend
best,good
bets,bet
betted,bet
better,good
betting,bet
biased,bias
biases,bias
biasing,bias
bidding,bid
bids,bid
bigger,big
biggest,big
biked,bike
bikes,bike
biking,bike
billed,bill
billing,bill
bills,bill
binding,bind
binds,bind
binned,bin
binning,bin
bins,bin
birded,bird
birding,bird
birds,bird
birthed,birth
birthing,birth
births,birth
bites,bite
biting,bite
bits,bit
bitted,bit
bitten,bite
blacked,black
blacker,black
blackest,black
blacking,black
blacks,black
blamed,blame
blames,blame
blaming,blame
blessed,bless
blesses,bless
blessing,bless
blessings,bless
blest,bless
blew,blow
blinded,blind
blinder,blind
blindest,blind
blinding,blind
blinds,blind
blocked,block
blocking,block
blocks,block
blogged,blog
blogging,blog
bloggings,blog
blogs,blog
blooded,blood
bloodied,bloody
bloodier,bloody
bloodies,bloody
bloodiest,bloody
blooding,blood
bloods,blood
bloodying,bloody
blowing,blow
blown,blow
blows,blow
blued,blue
bluer,blue
blues,blue
bluest,blue
bluing,blue
boarded,board
boarding,board
boards,board
boated,boat
boating,boat
boats,boat
bodied,body
bodies,body
bodying,body
bombed,bomb
bombing,bomb
bombings,bomb
bombs,bomb
bonded,bond
bonding,bond
bonds,bond
boned,bone
bones,bone
boning,bone
booked,book
booking,book
bookings,book
books,book
boomed,boom
booming,boom
booms,boom
boosted,boost
boosting,boost
boosts,boost
booted,boot
booting,boot
boots,boot
bordered,border
bordering,border
borders,border
bored,bore
bores,bore
boring,bore
born,bear
borrowed,borrow
borrowing,borrow
borrowings,borrow
borrows,borrow
bossed,boss
bosses,boss
bossing,boss
bothered,bother
bothering,bother
bothers,bother
bottled,bottle
bottles,bottle
bottling,bottle
bottomed,bottom
bottoming,bottom
bottoms,bottom
bought,buy
boundaries,boundary
bowled,bowl
bowling,bowl
bowls,bowl
boxed,box
boxes,box
boxing,box
boys,boy
brained,brain
braining,brain
brains,brain
branched,branch
branches,branch
branching,branch
branded,brand
branding,brand
brands,brand
breaded,bread
breading,bread
breads,bread
breakfasted,breakfast
breakfasting,breakfast
breakfasts,breakfast
breaking,break
breaks,break
breasted,breast
breasting,breast
breasts,breast
breathed,breathe
breathes,breathe
breathing,breathe
breaths,breath
bred,breed
breeding,breed
breeds,breed
bridged,bridge
bridges,bridge
bridging,bridge
briefed,brief
briefer,brief
briefest,brief
briefing,brief
briefings,brief
briefs,brief
brighter,bright
brightest,bright
bringing,bring
brings,bring
broadcasted,broadcast
broadcasting,broadcast
broadcasts,broadcast
broader,broad
broadest,broad
broke,break
broken,break
brothers,brother
brought,bring
browned,brown
browner,brown
brownest,brown
browning,brown
browns,brown
brushed,brush
brushes,brush
brushing,brush
brushings,brush
budgeted,budget
budgeting,budget
budgets,budget
building,build
buildings,build
builds,build
built,build
bunched,bunch
bunches,bunch
bunching,bunch
burdened,burden
burdening,burden
burdens,burden
buried,bury
buries,bury
burned,burn
burning,burn
burns,burn
burnt,burn
bursting,burst
bursts,burst
burying,bury
bused,bus
buses,bus
busied,busy
busier,busy
busies,busy
busiest,busy
businesses,business
busing,bus
busying,busy
buts,but
buttoned,button
buttoning,button
buttons,button
buyers,buyer
buying,buy
buys,buy
cabled,cable
cables,cable
cabling,cable
caked,cake
cakes,cake
caking,cake
calculated,calculate
calculates,calculate
calculating,calculate
called,call
calling,call
calls,call
calmed,calm
calmer,calm
calmest,calm
calming,calm
calms,calm
came,come
cameras,camera
campaigned,campaign
campaigning,campaign
campaigns,campaign
camped,camp
camping,camp
camps,camp
canceled,cancel
canceling,cancel
cancelled,cancel
cancelling,cancel
cancels,cancel
cancers,cancer
candidates,candidate
canned,can
canning,can
cannot,can
cans,can
capabilities,capability
capacities,capacity
capitals,capital
capped,cap
capping,cap
caps,cap
captured,capture
captures,capture
capturing,capture
carbons,carbon
carded,card
carding,card
cards,card
cared,care
careered,career
careering,career
careers,career
cares,care
caring,care
carpeted,carpet
carpeting,carpet
carpets,carpet
carried,carry
carries,carry
carrying,carry
cars,car
cased,case
cases,case
cashed,cash
cashes,cash
cashing,cash
casing,case
casings,case
casted,cast
casting,cast
castings,cast
castled,castle
castles,castle
castling,castle
casts,cast
cataloged,catalog
cataloging,catalog
catalogs,catalog
catalogue,catalog
catalogued,catalog
catalogues,catalog
cataloguing,catalog
catches,catch
catching,catch
categories,category
cats,cat
caught,catch
caused,cause
causes,cause
causing,cause
celebrated,celebrate
celebrates,celebrate
celebrating,celebrate
celebrations,celebration
celled,cell
cells,cell
centered,center
centering,center
centers,center
centrals,central
centre,center
centred,center
centres,center
cents,cent
centuries,century
ceremonies,ceremony
chained,chain
chaining,chain
chains,chain
chaired,chair
chairing,chair
chairmen,chairman
chairs,chair
challenged,challenge
challenges,challenge
challenging,challenge
chambered,chamber
chambering,chamber
chambers,chamber
championed,champion
championing,champion
champions,champion
championships,championship
chanced,chance
chances,chance
chancing,chance
changed,change
changes,change
changing,change
channeled,channel
channeling,channel
channelled,channel
channelling,channel
channels,channel
chapters,chapter
characterise,characterize
characterised,characterize
characterises,characterize
characterising,characterize
characteristics,characteristic
characterized,characterize
characterizes,characterize
characterizing,characterize
characters,character
charged,charge
charges,charge
charging,charge
charities,charity
charmed,charm
charming,charm
charms,charm
charted,chart
charting,chart
charts,chart
chased,chase
chases,chase
chasing,chase
chats,chat
chatted,chat
chatting,chat
cheaper,cheap
cheapest,cheap
checked,check
checking,check
checks,check
cheeked,cheek
cheeks,cheek
cheeses,cheese
chemicals,chemical
chests,chest
chickened,chicken
chickens,chicken
chiefs,chief
childhoods,childhood
children,child
chipped,chip
chipping,chip
chips,chip
chocolates,chocolate
choicer,choice
choices,choice
choicest,choice
chooses,choose
choosing,choose
chose,choose
chosen,choose
churched,church
churches,church
churching,church
cigarettes,cigarette
circled,circle
circles,circle
circling,circle
circumstances,circumstance
cited,cite
cites,cite
cities,city
citing,cite
citizens,citizen
civilians,civilian
claimed,claim
claiming,claim
claims,claim
classed,class
classes,class
classics,classic
classing,class
clauses,clause
cleaned,clean
cleaning,clean
cleanings,clean
cleans,clean
cleared,clear
clearer,clear
clearest,clear
clearing,clear
clears,clear
clicked,click
clicking,click
clickings,click
clicks,click
climates,climate
climbed,climb
climbing,climb
climbs,climb
clocked,clock
clocking,clock
clocks,clock
closed,close
closer,close
closes,close
closest,close
closing,close
clouded,cloud
clouding,cloud
clouds,cloud
clubbed,club
clubbing,club
clubs,club
clustered,cluster
clustering,cluster
clusters,cluster
coached,coach
coaches,coach
coaching,coach
coals,coal
coasted,coast
coasting,coast
coasts,coast
coated,coat
coating,coat
coatings,coat
coats,coat
coded,code
codes,code
coding,code
coffees,coffee
coined,coin
coining,coin
coins,coin
colder,cold
coldest,cold
colds,cold
collapsed,collapse
collapses,collapse
collapsing,collapse
colleagues,colleague
collected,collect
collecting,collect
collections,collection
collects,collect
colleges,college
colored,color
coloring,color
colorings,color
colors,color
colour,color
coloured,color
colouring,color
colours,color
columned,column
columns,column
combinations,combination
combined,combine
combines,combine
combining,combine
comedies,comedy
comes,come
cometh,come
comforted,comfort
comforting,comfort
comforts,comfort
coming,come
commanded,command
commanding,command
commands,command
commented,comment
commenting,comment
comments,comment
commercials,commercial
commissioned,commission
commissioning,commission
commissions,commission
commitments,commitment
commits,commit
committed,commit
committees,committee
committing,commit
commonest,common
communicated,communicate
communicates,communicate
communicating,communicate
communications,communication
communities,community
companies,company
compared,compare
compares,compare
comparing,compare
comparisons,comparison
compensations,compensation
competed,compete
competes,compete
competing,compete
competitions,competition
competitors,competitor
complained,complain
complaining,complain
complains,complain
complaints,complaint
completed,complete
completes,complete
completing,complete
complexes,complex
complexities,complexity
complicated,complicate
complicates,complicate
complicating,complicate
components,component
composed,compose
composes,compose
composing,compose
compositions,composition
compounded,compound
compounding,compound
compounds,compound
comprised,comprise
comprises,comprise
comprising,comprise
compromised,compromise
compromises,compromise
compromising,compromise
computed,compute
computers,computer
computes,compute
computing,compute
concentrated,concentrate
concentrates,concentrate
concentrating,concentrate
concentrations,concentration
concepts,concept
concerned,concern
concerning,concern
concerns,concern
concerted,concert
concerts,concert
concluded,conclude
concludes,conclude
concluding,conclude
conclusions,conclusion
concreted,concrete
concretes,concrete
concreting,concrete
conditioned,condition
conditioning,condition
conditionings,condition
conditions,condition
conducted,conduct
conducting,conduct
conducts,conduct
conferenced,conference
conferences,conference
conferencing,conference
conferencings,conference
confidences,confidence
confidents,confident
confirmed,confirm
confirming,confirm
confirms,confirm
conflicted,conflict
conflicting,conflict
conflicts,conflict
confused,confuse
confuses,confuse
confusing,confuse
confusions,confusion
connected,connect
connecting,connect
connections,connection
connects,connect
connexion,connection
connexions,connection
consequences,consequence
conservatives,conservative
considerations,consideration
considered,consider
considering,consider
considers,consider
consisted,consist
consisting,consist
consists,consist
constants,constant
constituted,constitute
constitutes,constitute
constituting,constitute
constraints,constraint
constructed,construct
constructing,construct
constructions,construction
constructs,construct
consultants,consultant
consulted,consult
consulting,consult
consults,consult
consumed,consume
consumers,consumer
consumes,consume
consuming,consume
contacted,contact
contacting,contact
contacts,contact
contained,contain
containing,contain
contains,contain
contemporaries,contemporary
contented,content
contenting,content
contents,content
contested,contest
contesting,contest
contests,contest
contexts,context
continued,continue
continues,continue
continuing,continue
contracted,contract
contracting,contract
contracts,contract
contrasted,contrast
contrasting,contrast
contrasts,contrast
contributed,contribute
contributes,contribute
contributing,contribute
contributions,contribution
controlled,control
controlling,control
controls,control
conventions,convention
conversations,conversation
converted,convert
converting,convert
converts,convert
convinced,convince
convinces,convince
convincing,convince
cooked,cook
cooking,cook
cooks,cook
cooled,cool
coolest,cool
cooling,cool
cools,cool
coped,cope
copes,cope
copied,copy
copies,copy
coping,cope
copying,copy
cored,core
cores,core
coring,core
cornered,corner
cornering,corner
corners,corner
corporations,corporation
corrected,correct
correcting,correct
corrects,correct
corresponded,correspond
corresponding,correspond
corresponds,correspond
cos,because
costing,cost
costs,cost
coughed,cough
coughing,cough
coughs,cough
coulda,could
couldn,could
councils,council
counseled,counsel
counseling,counsel
counselled,counsel
counselling,counsel
counsels,counsel
counted,count
countered,counter
countering,counter
counters,counter
counties,county
counting,count
countries,country
counts,count
coupled,couple
couples,couple
coupling,couple
coursed,course
courses,course
coursing,course
courted,court
courting,court
courts,court
cousins,cousin
covered,cover
covering,cover
coverings,cover
covers,cover
cowed,cow
cowing,cow
cows,cow
cracked,crack
cracking,crack
cracks,crack
crafted,craft
crafting,craft
crafts,craft
crashed,crash
crashes,crash
crashing,crash
crazier,crazy
crazies,crazy
craziest,crazy
creamed,cream
creaming,cream
creams,cream
created,create
creates,create
creating,create
creations,creation
creatures,creature
credited,credit
crediting,credit
credits,credit
crewed,crew
crewing,crew
crews,crew
cried,cry
cries,cry
crimes,crime
criminals,criminal
crises,crisis
criticise,criticize
criticised,criticize
criticises,criticize
criticising,criticize
criticisms,criticism
criticized,criticize
criticizes,criticize
criticizing,criticize
critics,critic
cropped,crop
cropping,crop
crops,crop
crossed,cross
crosses,cross
crossing,cross
crossings,cross
crowded,crowd
crowding,crowd
crowds,crowd
crying,cry
cultured,culture
cultures,culture
culturing,culture
cupped,cup
cupping,cup
cups,cup
curiouser,curious
currencies,currency
currents,current
curtained,curtain
curtaining,curtain
curtains,curtain
curved,curve
curves,curve
curving,curve
customers,customer
customs,custom
cuts,cut
cutting,cut
cuttings,cut
cycled,cycle
cycles,cycle
cycling,cycle
d,have
daddies,dad
daddy,dad
dads,dad
dailies,daily
damaged,damage
damages,damage
damaging,damage
damned,damn
damning,damn
damns,damn
danced,dance
dances,dance
dancing,dance
dangers,danger
dared,dare
dares,dare
daring,dare
darker,dark
darkest,dark
databases,database
dated,date
dates,date
dating,date
daughters,daughter
days,day
deader,dead
deadest,dead
dealers,dealer
dealing,deal
deals,deal
dealt,deal
dearer,dear
dearest,dear
dears,dear
deaths,death
debated,debate
debates,debate
debating,debate
debts,debt
decades,decade
decided,decide
decides,decide
deciding,decide
decisions,decision
declared,declare
declares,declare
declaring,declare
declined,decline
declines,decline
declining,decline
decreased,decrease
decreases,decrease
decreasing,decrease
dedicated,dedicate
dedicates,dedicate
dedicating,dedicate
deeper,deep
deepest,deep
deeps,deep
defeated,defeat
defeating,defeat
defeats,defeat
defence,defense
defences,defense
defended,defend
defending,defend
defends,defend
defenses,defense
deficits,deficit
defined,define
defines,define
defining,define
definitions,definition
degrees,degree
delayed,delay
delaying,delay
delays,delay
delighted,delight
delighting,delight
delights,delight
delivered,deliver
deliveries,delivery
delivering,deliver
delivers,deliver
demanded,demand
demanding,demand
demands,demand
democracies,democracy
demonstrated,demonstrate
demonstrates,demonstrate
demonstrating,demonstrate
demonstrations,demonstration
denied,deny
denies,deny
densities,density
denying,deny
departments,department
depended,depend
dependents,dependent
depending,depend
depends,depend
deposited,deposit
depositing,deposit
deposits,deposit
depressed,depress
depresses,depress
depressing,depress
depressions,depression
depths,depth
derived,derive
derives,derive
deriving,derive
described,describe
describes,describe
describing,describe
descriptions,description
deserted,desert
deserting,desert
deserts,desert
deserved,deserve
deserves,deserve
deserving,deserve
designed,design
designers,designer
designing,design
designs,design
desired,desire
desires,desire
desiring,desire
desks,desk
destroyed,destroy
destroying,destroy
destroys,destroy
destructions,destruction
detailed,detail
detailing,detail
details,detail
detected,detect
detecting,detect
detects,detect
determinations,determination
determined,determine
determines,determine
determining,determine
developed,develop
developing,develop
developments,development
develops,develop
devices,device
devoted,devote
devotes,devote
devoting,devote
dialoged,dialog
dialoging,dialog
dialogs,dialog
dialogue,dialog
dialogued,dialog
dialogues,dialog
dialoguing,dialog
did,do
didn,do
died,die
dies,die
dieted,diet
dieting,diet
diets,diet
differed,differ
differenced,difference
differences,difference
differencing,difference
differing,differ
differs,differ
difficulties,difficulty
digging,dig
digitals,digital
digs,dig
dimensioned,dimension
dimensioning,dimension
dimensions,dimension
dinners,dinner
directed,direct
directing,direct
directions,direction
directors,director
directs,direct
dirtied,dirty
dirtier,dirty
dirties,dirty
dirtiest,dirty
dirtying,dirty
disagreed,disagree
disagreeing,disagree
disagrees,disagree
disappeared,disappear
disappearing,disappear
disappears,disappear
disappointed,disappoint
disappointing,disappoint
disappoints,disappoint
disasters,disaster
disc,disk
disciplined,discipline
disciplines,discipline
disciplining,discipline
discounted,discount
discounting,discount
discounts,discount
discovered,discover
discoveries,discovery
discovering,discover
discovers,discover
discs,disk
discussed,discuss
discusses,discuss
discussing,discuss
discussions,discussion
diseased,disease
diseases,disease
dished,dish
dishes,dish
dishing,dish
disks,disk
dismissed,dismiss
dismisses,dismiss
dismissing,dismiss
disordered,disorder
disordering,disorder
disorders,disorder
displayed,display
displaying,display
displays,display
disputed,dispute
disputes,dispute
disputing,dispute
distanced,distance
distances,distance
distancing,distance
distinctions,distinction
distinguished,distinguish
distinguishes,distinguish
distinguishing,distinguish
distributed,distribute
distributes,distribute
distributing,distribute
districts,district
disturbed,disturb
disturbing,disturb
disturbs,disturb
diversities,diversity
divided,divide
divides,divide
dividing,divide
divisions,division
divorced,divorce
divorces,divorce
divorcing,divorce
doctored,doctor
doctoring,doctor
doctors,doctor
documented,document
documenting,document
documents,document
does,do
doesn,do
dogged,dog
dogging,dog
dogs,dog
doin,do
doing,do
dollars,dollar
domestics,domestic
dominated,dominate
dominates,dominate
dominating,dominate
don,do
done,do
doors,door
doubled,double
doubles,double
doubling,double
doubted,doubt
doubting,doubt
doubts,doubt
downed,down
downing,down
downs,down
dozens,dozen
drafted,draft
drafting,draft
drafts,draft
dragged,drag
dragging,drag
drags,drag
dramas,drama
dramatics,dramatic
drank,drink
draught,draft
draughts,draft
drawing,draw
drawings,draw
drawn,draw
draws,draw
dreamed,dream
dreaming,dream
dreams,dream
dreamt,dream
dressed,dress
dresses,dress
dressing,dress
drew,draw
dried,dry
drier,dry
dries,dry
driest,dry
drinking,drink
drinks,drink
driven,drive
drivers,driver
drives,drive
driving,drive
dropped,drop
dropping,drop
drops,drop
drove,drive
drugged,drug
drugging,drug
drugs,drug
drunk,drink
drying,dry
dug,dig
dusted,dust
dusting,dust
dusts,dust
duties,duty
dying,die
eared,ear
earlier,early
earliest,early
earned,earn
earning,earn
earnings,earn
earns,earn
ears,ear
earthed,earth
earths,earth
eased,ease
eases,ease
easier,easy
easiest,easy
easing,ease
eaten,eat
eating,eat
eats,eat
economics,economic
economies,economy
edged,edge
edges,edge
edging,edge
edited,edit
editing,edit
editions,edition
editors,editor
edits,edit
educated,educate
educates,educate
educating,educate
educations,education
effected,effect
effecting,effect
effects,effect
efficiencies,efficiency
efforts,effort
egged,egg
egging,egg
eggs,egg
elected,elect
electing,elect
elections,election
electrics,electric
electronics,electronic
elects,elect
elements,element
eliminated,eliminate
eliminates,eliminate
eliminating,eliminate
em,they
emailed,email
emailing,email
emails,email
embarrassed,embarrass
embarrasses,embarrass
embarrassing,embarrass
embraced,embrace
embraces,embrace
embracing,embrace
emerged,emerge
emergencies,emergency
emerges,emerge
emerging,emerge
emotions,emotion
emphases,emphasis
emphasise,emphasize
emphasised,emphasize
emphasises,emphasize
emphasising,emphasize
emphasized,emphasize
emphasizes,emphasize
emphasizing,emphasize
empires,empire
employed,employ
employees,employee
employers,employer
employing,employ
employments,employment
employs,employ
emptied,empty
emptier,empty
empties,empty
emptiest,empty
emptying,empty
enabled,enable
enables,enable
enabling,enable
encountered,encounter
encountering,encounter
encounters,encounter
encouraged,encourage
encourages,encourage
encouraging,encourage
ended,end
ending,end
ends,end
enemies,enemy
energies,energy
engaged,engage
engages,engage
engaging,engage
engineered,engineer
engineering,engineer
engineers,engineer
engines,engine
enhanced,enhance
enhances,enhance
enhancing,enhance
enjoyed,enjoy
enjoying,enjoy
enjoys,enjoy
ensured,ensure
ensures,ensure
ensuring,ensure
entered,enter
entering,enter
enterprises,enterprise
enterprising,enterprise
enters,enter
entertained,entertain
entertaining,entertain
entertainments,entertainment
entertains,entertain
entitled,entitle
entitles,entitle
entitling,entitle
entranced,entrance
entrances,entrance
entrancing,entrance
entries,entry
envelopes,envelope
environments,environment
episodes,episode
equaled,equal
equaling,equal
equalled,equal
equalling,equal
equals,equal
equations,equation
equipments,equipment
equivalents,equivalent
eras,era
errors,error
escaped,escape
escapes,escape
escaping,escape
essayed,essay
essaying,essay
essays,essay
essentials,essential
established,establish
establishes,establish
establishing,establish
establishments,establishment
estates,estate
estimated,estimate
estimates,estimate
estimating,estimate
ethnics,ethnic
evaluated,evaluate
evaluates,evaluate
evaluating,evaluate
evaluations,evaluation
evened,even
evenings,evening
evens,even
events,event
evidenced,evidence
evidences,evidence
evidencing,evidence
eviler,evil
evilest,evil
evils,evil
evolutions,evolution
evolved,evolve
evolves,evolve
evolving,evolve
exacted,exact
exacting,exact
exacts,exact
examinations,examination
examined,examine
examines,examine
examining,examine
examples,example
exams,exam
exceeded,exceed
exceeding,exceed
exceeds,exceed
excepted,except
excepting,except
exceptions,exception
excepts,except
excesses,excess
exchanged,exchange
exchanges,exchange
exchanging,exchange
excited,excite
excitements,excitement
excites,excite
exciting,excite
excluded,exclude
excludes,exclude
excluding,exclude
excused,excuse
excuses,excuse
excusing,excuse
executives,executive
exercised,exercise
exercises,exercise
exercising,exercise
exhausted,exhaust
exhausting,exhaust
exhausts,exhaust
exhibited,exhibit
exhibiting,exhibit
exhibitions,exhibition
exhibits,exhibit
existed,exist
existences,existence
existing,exist
exists,exist
expanded,expand
expanding,expand
expands,expand
expansions,expansion
expectations,expectation
expected,expect
expecting,expect
expects,expect
expenditures,expenditure
expensed,expense
expenses,expense
expensing,expense
experienced,experience
experiences,experience
experiencing,experience
experimentals,experimental
experimented,experiment
experimenting,experiment
experiments,experiment
experts,expert
explained,explain
explaining,explain
explains,explain
explanations,explanation
explored,explore
explores,explore
exploring,explore
exported,export
exporting,export
exports,export
exposed,expose
exposes,expose
exposing,expose
exposures,exposure
expressed,express
expresses,express
expressing,express
expressions,expression
extended,extend
extending,extend
extends,extend
extensions,extension
extents,extent
externals,external
extracted,extract
extracting,extract
extracts,extract
extras,extra
extremes,extreme
eyed,eye
eyeing,eye
eyes,eye
faced,face
faces,face
facilities,facility
facing,face
factored,factor
factories,factory
factoring,factor
factorings,factor
factors,factor
facts,fact
faded,fade
fades,fade
fading,fade
failed,fail
failing,fail
failings,fail
fails,fail
failures,failure
faired,fair
fairer,fair
fairest,fair
fairing,fair
fairs,fair
faiths,faith
fallen,fall
falling,fall
falls,fall
falser,false
falsest,false
familiars,familiar
families,family
fancied,fancy
fancies,fancy
fanciest,fancy
fancying,fancy
fanned,fan
fanning,fan
fans,fan
farmed,farm
farmers,farmer
farming,farm
farms,farm
farther,far
farthest,far
fascinated,fascinate
fascinates,fascinate
fascinating,fascinate
fashioned,fashion
fashioning,fashion
fashions,fashion
fasted,fast
faster,fast
fastest,fast
fasting,fast
fasts,fast
fathered,father
fathering,father
fathers,father
fats,fat
fatter,fat
fattest,fat
faulted,fault
faulting,fault
faults,fault
favored,favor
favoring,favor
favorites,favorite
favors,favor
favour,favor
favoured,favor
favouring,favor
favourite,favorite
favourites,favorite
favours,favor
feared,fear
fearing,fear
fears,fear
featured,feature
features,feature
featuring,feature
fed,feed
federals,federal
feeding,feed
feedings,feed
feeds,feed
feeling,feel
feelings,feel
feels,feel
fees,fee
feet,foot
fell,fall
fellows,fellow
felt,feel
females,female
fenced,fence
fences,fence
fencing,fence
fencings,fence
festivals,festival
fewer,few
fewest,few
fictions,fiction
fielded,field
fielding,field
fields,field
fighting,fight
fights,fight
figured,figure
figures,figure
figuring,figure
filed,file
files,file
filing,file
filings,file
filled,fill
filling,fill
fillings,fill
fills,fill
filmed,film
filming,film
films,film
filtered,filter
filtering,filter
filters,filter
finals,final
financed,finance
finances,finance
financials,financial
financing,finance
financings,finance
finding,find
findings,find
finds,find
fined,fine
finer,fine
fines,fine
finest,fine
fingered,finger
fingering,finger
fingers,finger
fining,fine
finished,finish
finishes,finish
finishing,finish
fired,fire
fires,fire
firing,fire
firings,fire
firmed,firm
firmer,firm
firmest,firm
firming,firm
firms,firm
firsts,first
fished,fish
fishes,fish
fishing,fish
fits,fit
fitted,fit
fitter,fit
fittest,fit
fitting,fit
fittings,fit
fixed,fix
fixes,fix
fixing,fix
fixings,fix
flagged,flag
flagging,flag
flags,flag
flashed,flash
flashes,flash
flashing,flash
flats,flat
flatted,flat
flatting,flat
flew,fly
flies,fly
flights,flight
floated,float
floating,float
floats,float
flooded,flood
flooding,flood
floods,flood
floored,floor
flooring,floor
floorings,floor
floors,floor
flowed,flow
flowered,flower
flowering,flower
flowers,flower
flowing,flow
flown,fly
flows,flow
flying,fly
focused,focus
focuses,focus
focusing,focus
focuss,focus
focussed,focus
focusses,focus
focussing,focus
folded,fold
folding,fold
folds,fold
folks,folk
followed,follow
following,follow
followings,follow
follows,follow
foods,food
fooled,fool
fooling,fool
fools,fool
footballs,football
footed,foot
footing,foot
foots,foot
forced,force
forces,force
forcing,force
forecasted,forecast
forecasting,forecast
forecasts,forecast
forested,forest
foresting,forest
forests,forest
forgets,forget
forgetting,forget
forgot,forget
forgotten,forget
formals,formal
formations,formation
formats,format
formatted,format
formatting,format
formed,form
formers,former
forming,form
forms,form
formulae,formula
formulas,formula
fortunes,fortune
forwarded,forward
forwarding,forward
forwards,forward
fought,fight
found,find
foundations,foundation
founded,found
founding,found
founds,found
fragmented,fragment
fragmenting,fragment
fragments,fragment
framed,frame
frames,frame
frameworks,framework
framing,frame
freed,free
freedoms,freedom
freeing,free
freer,free
frees,free
freest,free
freezes,freeze
freezing,freeze
frequencies,frequency
frequented,frequent
frequenting,frequent
frequents,frequent
fresher,fresh
freshest,fresh
friendlier,friendly
friendliest,friendly
friends,friend
friendships,friendship
frightened,frighten
frightening,frighten
frightens,frighten
fronted,front
fronting,front
fronts,front
froze,freeze
frozen,freeze
fruited,fruit
fruiting,fruit
fruits,fruit
fueled,fuel
fueling,fuel
fuels,fuel
fulfil,fulfill
fulfiled,fulfill
fulfiling,fulfill
fulfilled,fulfill
fulfilling,fulfill
fulfills,fulfill
fulfils,fulfill
fuller,full
fullest,full
functioned,function
functioning,function
functions,function
fundamentals,fundamental
funded,fund
funding,fund
funds,fund
funnier,funny
funniest,funny
furthered,further
furthering,further
furthers,further
futures,future
gained,gain
gaining,gain
gains,gain
galleries,gallery
gamed,game
games,game
gaming,game
gapped,gap
gapping,gap
gaps,gap
gardened,garden
gardening,garden
gardens,garden
gases,gas
gassed,gas
gasses,gas
gassing,gas
gated,gate
gates,gate
gathered,gather
gathering,gather
gatherings,gather
gathers,gather
gating,gate
gave,give
gayer,gay
gayest,gay
gays,gay
gazed,gaze
gazes,gaze
gazing,gaze
geared,gear
gearing,gear
gearings,gear
gears,gear
gendered,gender
genders,gender
generals,general
generated,generate
generates,generate
generating,generate
generations,generation
genes,gene
gentled,gentle
gentlemen,gentleman
gentler,gentle
gentles,gentle
gentlest,gentle
gentling,gentle
gestured,gesture
gestures,gesture
gesturing,gesture
gets,get
gettin,get
getting,get
giants,giant
gifted,gift
gifting,gift
gifts,gift
girls,girl
given,give
gives,give
giving,give
gladder,glad
gladdest,glad
glanced,glance
glances,glance
glancing,glance
glassed,glass
glasses,glass
glassing,glass
goals,goal
gods,god
goes,go
goin,go
going,go
golfed,golf
golfing,golf
golfs,golf
gone,go
gonna,go
got,get
gotta,get
gotten,get
governed,govern
governing,govern
governments,government
governors,governor
governs,govern
grabbed,grab
grabbing,grab
grabs,grab
graded,grade
grades,grade
grading,grade
graduated,graduate
graduates,graduate
graduating,graduate
grained,grain
graining,grain
grains,grain
grammars,grammar
grander,grand
grandest,grand
grandmothers,grandmother
granted,grant
granting,grant
grants,grant
grassed,grass
grasses,grass
grassing,grass
grayed,gray
grayer,gray
grayest,gray
graying,gray
grays,gray
greater,great
greatest,great
greats,great
greened,green
greener,green
greenest,green
greening,green
greens,green
greeted,greet
greeting,greet
greetings,greet
greets,greet
grew,grow
grey,gray
greyed,gray
greyer,gray
greyest,gray
greying,gray
greys,gray
grinned,grin
grinning,grin
grins,grin
grounded,ground
grounding,ground
grounds,ground
grouped,group
grouping,group
groups,group
growing,grow
grown,grow
grows,grow
growths,growth
guaranteed,guarantee
guaranteeing,guarantee
guarantees,guarantee
guaranties,guarantee
guaranty,guarantee
guarded,guard
guarding,guard
guards,guard
guessed,guess
guesses,guess
guessing,guess
guests,guest
guided,guide
guidelines,guideline
guides,guide
guiding,guide
guiltier,guilty
guiltiest,guilty
guitars,guitar
gunned,gun
gunning,gun
guns,gun
guyed,guy
guying,guy
guys,guy
habited,habit
habits,habit
had,have
hadn,have
hafta,have
haired,hair
hairs,hair
halls,hall
halved,half
halves,half
halving,half
handed,hand
handing,hand
handled,handle
handles,handle
handling,handle
hands,hand
hanged,hang
hanging,hang
hangings,hang
hangs,hang
happened,happen
happening,happen
happenings,happen
happens,happen
happier,happy
happiest,happy
harbored,harbor
harboring,harbor
harbors,harbor
harbour,harbor
harbouring,harbor
harbours,harbor
harder,hard
hardest,hard
harmed,harm
harming,harm
harms,harm
has,have
hasn,have
hated,hate
hates,hate
hating,hate
hats,hat
hatted,hat
haven,have
having,have
headed,head
heading,head
headings,head
heads,head
healthier,healthy
healthiest,healthy
heard,hear
hearing,hear
hearings,hear
hears,hear
hearted,heart
hearts,heart
heated,heat
heating,heat
heats,heat
heavier,heavy
heavies,heavy
heaviest,heavy
heights,height
held,hold
hells,hell
helped,help
helping,help
helpings,help
helps,help
her,she
heroes,hero
hers,she
hesitated,hesitate
hesitates,hesitate
hesitating,hesitate
hid,hide
hidden,hide
hides,hide
hiding,hide
higher,high
highest,high
highlighted,highlight
highlighting,highlight
highlights,highlight
highs,high
hilled,hill
hilling,hill
hills,hill
him,he
hinted,hint
hinting,hint
hints,hint
hired,hire
hires,hire
hiring,hire
his,he
historians,historian
histories,history
hits,hit
hitting,hit
holders,holder
holding,hold
holdings,hold
holds,hold
holed,hole
holes,hole
holidayed,holiday
holidaying,holiday
holidays,holiday
holing,hole
homed,home
homes,home
homing,home
honored,honor
honoring,honor
honors,honor
honour,honor
honoured,honor
honouring,honor
honours,honor
hooked,hook
hooking,hook
hooks,hook
hoped,hope
hopes,hope
hoping,hope
horsed,horse
horses,horse
horsing,horse
hospitals,hospital
hosted,host
hosting,host
hosts,host
hotels,hotel
hots,hot
hotter,hot
hottest,hot
hours,hour
housed,house
households,household
houses,house
housing,house
housings,house
hows,how
huger,huge
hugest,huge
humans,human
humored,humor
humoring,humor
humorings,humor
humors,humor
humour,humor
humoured,humor
humours,humor
hung,hang
hungered,hunger
hungering,hunger
hungers,hunger
hunted,hunt
hunting,hunt
hunts,hunt
hurried,hurry
hurries,hurry
hurrying,hurry
hurting,hurt
hurts,hurt
husbanded,husband
husbanding,husband
husbands,husband
hypotheses,hypothesis
iced,ice
ices,ice
ideals,ideal
ideas,idea
identified,identify
identifies,identify
identifying,identify
identities,identity
ifs,if
ignored,ignore
ignores,ignore
ignoring,ignore
illnesses,illness
ills,ill
illustrated,illustrate
illustrates,illustrate
illustrating,illustrate
illustrations,illustration
im,he
imaged,image
images,image
imaginations,imagination
imagined,imagine
imagines,imagine
imaging,image
imagining,imagine
imaginings,imagine
immigrants,immigrant
immigrations,immigration
implementations,implementation
implemented,implement
implementing,implement
implements,implement
implications,implication
implied,imply
implies,imply
implying,imply
imported,import
importing,import
imports,import
imposed,impose
imposes,impose
imposing,impose
impressed,impress
impresses,impress
impressing,impress
impressions,impression
improved,improve
improvements,improvement
improves,improve
improving,improve
incentives,incentive
inched,inch
inches,inch
inching,inch
incidents,incident
included,include
includes,include
including,include
incomes,income
incorporated,incorporate
incorporates,incorporate
incorporating,incorporate
increased,increase
increases,increase
increasing,increase
independences,independence
independents,independent
indexed,index
indexes,index
indexing,index
indicated,indicate
indicates,indicate
indicating,indicate
indications,indication
indices,index
individuals,individual
industrials,industrial
industries,industry
infants,infant
infections,infection
inflations,inflation
influenced,influence
influences,influence
influencing,influence
informed,inform
informing,inform
informs,inform
initialed,initial
initialing,initial
initialled,initial
initialling,initial
initials,initial
initiatives,initiative
injured,injure
injures,injure
injuries,injury
injuring,injure
inners,inner
innocents,innocent
innovations,innovation
inputs,input
inputted,input
inputting,input
inquiries,inquiry
ins,in
insides,inside
insights,insight
insisted,insist
insisting,insist
insists,insist
inspired,inspire
inspires,inspire
inspiring,inspire
installed,install
installing,install
installs,install
instanced,instance
instances,instance
instancing,instance
institutions,institution
instructions,instruction
instrumented,instrument
instruments,instrument
insurances,insurance
insured,insure
insures,insure
insuring,insure
integrated,integrate
integrates,integrate
integrating,integrate
intellectuals,intellectual
intelligences,intelligence
intended,intend
intending,intend
intends,intend
intentions,intention
interactions,interaction
interested,interest
interesting,interest
interests,interest
interiors,interior
internals,internal
internationals,international
interpretations,interpretation
interpreted,interpret
interpreting,interpret
interprets,interpret
interventions,intervention
interviewed,interview
interviewing,interview
interviews,interview
introduced,introduce
introduces,introduce
introducing,introduce
introductions,introduction
invented,invent
inventing,invent
invents,invent
invested,invest
investigated,investigate
investigates,investigate
investigating,investigate
investigations,investigation
investing,invest
investments,investment
investors,investor
invests,invest
invitations,invitation
invited,invite
invites,invite
inviting,invite
involved,involve
involvements,involvement
involves,involve
involving,involve
ironed,iron
ironing,iron
irons,iron
is,be
islanded,island
islanding,island
islands,island
isn,be
isolated,isolate
isolates,isolate
isolating,isolate
issued,issue
issues,issue
issuing,issue
items,item
its,it
jackets,jacket
jailed,jail
jailing,jail
jails,jail
jobbing,job
jobs,job
joined,join
joining,join
joins,join
jointed,joint
jointing,joint
joints,joint
joked,joke
jokes,joke
joking,joke
journaling,journal
journalists,journalist
journals,journal
journeyed,journey
journeying,journey
journeys,journey
joys,joy
judged,judge
judges,judge
judging,judge
judgments,judgment
jumped,jump
jumping,jump
jumps,jump
juries,jury
justices,justice
justified,justify
justifies,justify
justifying,justify
keened,keen
keener,keen
keenest,keen
keening,keen
keens,keen
keeping,keep
keeps,keep
kept,keep
keyed,key
keying,key
keys,key
kicked,kick
kicking,kick
kicks,kick
kidded,kid
kidding,kid
kids,kid
killed,kill
killing,kill
killings,kill
kills,kill
kinder,kind
kindest,kind
kinds,kind
kings,king
kissed,kiss
kisses,kiss
kissing,kiss
kitchens,kitchen
kneed,knee
kneeing,knee
knees,knee
knew,know
knifed,knife
knifes,knife
knifing,knife
knives,knife
knocked,knock
knocking,knock
knocks,knock
knowing,know
known,know
knows,know
labeled,label
labeling,label
labelled,label
labelling,label
labels,label
laboratories,laboratory
labored,labor
laboring,labor
labors,labor
labour,labor
laboured,labor
labouring,labor
labours,labor
lacked,lack
lacking,lack
lacks,lack
ladies,lady
laid,lay
lain,lie
lakes,lake
landed,land
landing,land
landings,land
lands,land
landscaped,landscape
landscapes,landscape
landscaping,landscape
languages,language
larger,large
largest,large
lasted,last
lasting,last
lasts,last
later,late
latest,late
laughed,laugh
laughing,laugh
laughs,laugh
launched,launch
launches,launch
launching,launch
laws,law
lawyers,lawyer
layered,layer
layering,layer
layers,layer
laying,lay
lays,lay
lazier,lazy
laziest,lazy
leaders,leader
leaderships,leadership
leading,lead
leads,lead
leagues,league
leaned,lean
leaner,lean
leanest,lean
leaning,lean
leanings,lean
leans,lean
leant,lean
leaped,leap
leaping,leap
leaps,leap
leapt,leap
learned,learn
learning,learn
learns,learn
learnt,learn
leathered,leather
leathering,leather
leathers,leather
leaved,leave
leaves,leave
leaving,leave
leavings,leave
lectured,lecture
lectures,lecture
lecturing,lecture
led,lead
left,leave
lefts,left
legged,leg
legging,leg
leggings,leg
legislations,legislation
legs,leg
lemme,let
lending,lend
lends,lend
lengths,length
lent,lend
lessons,lesson
lets,let
lettering,letter
letterings,letter
letters,letter
letting,let
lettings,let
leveled,level
leveling,level
levelled,level
levelling,level
levels,level
liabilities,liability
liberals,liberal
libraries,library
licence,license
licenced,license
licences,license
licencing,license
licensed,license
licenses,license
licensing,license
lied,lie
lies,lie
lifted,lift
lifting,lift
lifts,lift
lighted,light
lightest,light
lighting,light
lights,light
liked,like
likelier,likely
likeliest,likely
likes,like
liking,like
limitations,limitation
limited,limit
limiting,limit
limits,limit
lined,line
lines,line
lining,line
linked,link
linking,link
links,link
lipped,lip
lips,lip
liquids,liquid
listed,list
listened,listen
listeners,listener
listening,listen
listens,listen
listing,list
listings,list
lists,list
lit,light
literatures,literature
littler,little
littlest,little
lived,live
lives,live
living,live
ll,will
loaded,load
loading,load
loads,load
loaned,loan
loaning,loan
loans,loan
locals,local
located,locate
locates,locate
locating,locate
locations,location
locked,lock
locking,lock
locks,lock
logged,log
logging,log
logics,logic
logs,log
longed,long
longer,long
longest,long
longing,long
longs,long
looked,look
looking,look
looks,look
loosed,loose
looser,loose
looses,loose
loosest,loose
loosing,loose
loses,lose
losing,lose
losses,loss
lost,lose
lots,lot
louder,loud
loudest,loud
loved,love
lovelier,lovely
loveliest,lovely
lovers,lover
loves,love
loving,love
lowed,low
lower,low
lowered,low
lowering,low
lowers,low
lowest,low
lowing,low
lows,low
lucked,luck
luckier,lucky
luckiest,lucky
lucking,luck
lucks,luck
lunched,lunch
lunches,lunch
lunching,lunch
luxuries,luxury
lying,lie
m,be
machined,machine
machines,machine
machining,machine
madder,mad
maddest,mad
made,make
magazines,magazine
mailed,mail
mailing,mail
mailings,mail
mails,mail
maintained,maintain
maintaining,maintain
maintains,maintain
maintenances,maintenance
majored,major
majoring,major
majorities,majority
majors,major
makers,maker
makes,make
making,make
males,male
managed,manage
managements,management
managers,manager
manages,manage
managing,manage
manned,man
mannered,manner
manners,manner
manning,man
mans,man
manufactured,manufacture
manufacturers,manufacturer
manufactures,manufacture
manufacturing,manufacture
mapped,map
mapping,map
mappings,map
maps,map
marched,march
marches,march
marching,march
margins,margin
marked,mark
marketed,market
marketing,market
markets,market
marking,mark
markings,mark
marks,mark
marriages,marriage
married,marry
marries,marry
marrying,marry
massed,mass
masses,mass
massing,mass
mastered,master
mastering,master
masters,master
matched,match
matches,match
matching,match
mated,mate
materials,material
mates,mate
math,mathematics
mathematic,mathematics
maths,mathematics
mating,mate
mattered,matter
mattering,matter
matters,matter
matured,mature
matures,mature
maturing,mature
mayors,mayor
me,i
meals,meal
meaner,mean
meanest,mean
meaning,mean
meanings,mean
means,mean
meant,mean
measured,measure
measurements,measurement
measures,measure
measuring,measure
meats,meat
mechanisms,mechanism
medicals,medical
medicines,medicine
mediums,medium
meeting,meet
meetings,meet
meets,meet
members,member
memberships,membership
memories,memory
men,man
mentioned,mention
mentioning,mention
mentions,mention
menus,menu
merest,mere
messaged,message
messages,message
messaging,message
messed,mess
messes,mess
messing,mess
met,meet
metals,metal
metered,meter
metering,meter
meters,meter
methods,method
metre,meter
metres,meter
mice,mouse
middled,middle
middles,middle
middling,middle
mighta,might
mightn,might
miles,mile
militaries,military
milked,milk
milking,milk
milks,milk
minded,mind
minding,mind
minds,mind
mine,i
mined,mine
mines,mine
minima,minimum
minimums,minimum
mining,mine
ministered,minister
ministering,minister
ministers,minister
minorities,minority
minors,minor
minutes,minute
mirrored,mirror
mirroring,mirror
mirrors,mirror
missed,miss
misses,miss
missing,miss
missions,mission
mistakes,mistake
mistaking,mistake
mistook,mistake
mixed,mix
mixes,mix
mixing,mix
mixtures,mixture
mobiles,mobile
modeled,model
modeling,model
modelled,model
modelling,model
models,model
moderated,moderate
moderates,moderate
moderating,moderate
moderns,modern
modes,mode
modified,modify
modifies,modify
modifying,modify
modules,module
moments,moment
mommies,mom
mommy,mom
moms,mom
moneys,money
monitored,monitor
monitoring,monitor
monitors,monitor
months,month
moods,mood
mooned,moon
moons,moon
morals,moral
mornings,morning
mortgaged,mortgage
mortgages,mortgage
mortgaging,mortgage
mothered,mother
mothering,mother
mothers,mother
motioned,motion
motioning,motion
motions,motion
motivated,motivate
motivates,motivate
motivating,motivate
motivations,motivation
motored,motor
motoring,motor
motors,motor
mountains,mountain
mounted,mount
mounting,mount
mountings,mount
mounts,mount
mouses,mouse
mouthed,mouth
mouthing,mouth
mouths,mouth
moved,move
movements,movement
moves,move
movies,movie
moving,move
multiples,multiple
murdered,murder
murdering,murder
murders,murder
muscled,muscle
muscles,muscle
museums,museum
musicals,musical
musicians,musician
musta,must
mustn,must
my,i
mysteries,mystery
named,name
names,name
naming,name
narratives,narrative
narrowed,narrow
narrower,narrow
narrowest,narrow
narrowing,narrow
narrows,narrow
nationals,national
nations,nation
natives,native
naturals,natural
natured,nature
natures,nature
neared,near
nearer,near
nearest,near
nearing,near
nears,near
necessaries,necessary
necked,neck
necking,neck
necks,neck
needed,need
needing,need
needs,need
negatives,negative
neglected,neglect
neglecting,neglect
neglects,neglect
negotiated,negotiate
negotiates,negotiate
negotiating,negotiate
negotiations,negotiation
neighbored,neighbor
neighborhoods,neighborhood
neighboring,neighbor
neighbors,neighbor
neighbour,neighbor
neighboured,neighbor
neighbourhood,neighborhood
neighbourhoods,neighborhood
neighbouring,neighbor
neighbours,neighbor
nerved,nerve
nerves,nerve
nerving,nerve
nets,net
netted,net
netting,net
networked,network
networking,network
networks,network
newer,new
newest,new
newspapers,newspaper
nicer,nice
nicest,nice
nights,night
nobodies,nobody
noises,noise
normals,normal
nosed,nose
noses,nose
nosing,nose
noted,note
notes,note
noticed,notice
notices,notice
noticing,notice
noting,note
notions,notion
nouns,noun
novels,novel
numbered,number
numbering,number
numberings,number
numbers,number
nursed,nurse
nurses,nurse
nursing,nurse
objected,object
objecting,object
objectives,objective
objects,object
obligations,obligation
observations,observation
observed,observe
observes,observe
observing,observe
occasioned,occasion
occasioning,occasion
occasions,occasion
occupied,occupy
occupies,occupy
occupying,occupy
occurred,occur
occurring,occur
occurs,occur
oceans,ocean
odder,odd
oddest,odd
offed,off
offence,offense
offences,offense
offenses,offense
offered,offer
offering,offer
offerings,offer
offers,offer
officered,officer
officering,officer
officers,officer
offices,office
officials,official
offing,off
offs,off
oiled,oil
oiling,oil
oils,oil
ok,okay
okayed,okay
okaying,okay
okays,okay
older,old
oldest,old
olds,old
ones,one
opened,open
opening,open
openings,open
opens,open
operas,opera
operated,operate
operates,operate
operating,operate
operations,operation
operators,operator
opinioned,opinion
opinions,opinion
opponents,opponent
opportunities,opportunity
opposed,oppose
opposes,oppose
opposing,oppose
opposites,opposite
oppositions,opposition
options,option
oranges,orange
ordered,order
ordering,order
orders,order
organics,organic
organisation,organization
organisations,organization
organise,organize
organised,organize
organises,organize
organising,organize
organizations,organization
organized,organize
organizes,organize
organizing,organize
originals,original
origins,origin
others,other
oughta,ought
oughtn,ought
our,we
ours,we
outcomes,outcome
outed,out
outing,out
outings,out
outlined,outline
outlines,outline
outlining,outline
outputs,output
outputted,output
outputting,output
outs,out
outsides,outside
outta,ought
overcame,overcome
overcomes,overcome
overcoming,overcome
overs,over
oversea,overseas
owed,owe
owes,owe
owing,owe
owned,own
owners,owner
ownerships,ownership
owning,own
owns,own
paced,pace
paces,pace
pacing,pace
packaged,package
packages,package
packaging,package
packed,pack
packing,pack
packs,pack
paged,page
pages,page
paging,page
paid,pay
pained,pain
paining,pain
pains,pain
painted,paint
painting,paint
paintings,paint
paints,paint
paired,pair
pairing,pair
pairings,pair
pairs,pair
paled,pale
paler,pale
pales,pale
palest,pale
paling,pale
paneled,panel
paneling,panel
panelled,panel
panelling,panel
panels,panel
panicked,panic
panicking,panic
panics,panic
papered,paper
papering,paper
papers,paper
paragraphed,paragraph
paragraphing,paragraph
paragraphs,paragraph
paralleled,parallel
paralleling,parallel
parallels,parallel
parented,parent
parenting,parent
parents,parent
parked,park
parking,park
parks,park
parted,part
participants,participant
participated,participate
participates,participate
participating,participate
participations,participation
particulars,particular
partied,party
parties,party
parting,part
partnered,partner
partnering,partner
partners,partner
partnerships,partnership
parts,part
partying,party
passages,passage
passed,pass
passengers,passenger
passes,pass
passing,pass
passions,passion
paths,path
patients,patient
patterned,pattern
patterning,pattern
patterns,pattern
paused,pause
pauses,pause
pausing,pause
paying,pay
payments,payment
pays,pay
peaces,peace
peaked,peak
peaking,peak
peaks,peak
peered,peer
peering,peer
peers,peer
penalties,penalty
penned,pen
penning,pen
pens,pen
pensioned,pension
pensioning,pension
pensions,pension
peopled,people
peoples,people
peopling,people
perceived,perceive
perceives,perceive
perceiving,perceive
percentages,percentage
percents,percent
perceptions,perception
perfected,perfect
perfecting,perfect
perfects,perfect
performances,performance
performed,perform
performing,perform
performs,perform
periods,period
permissions,permission
permits,permit
permitted,permit
permitting,permit
personalities,personality
personals,personal
persons,person
perspectives,perspective
persuaded,persuade
persuades,persuade
persuading,persuade
phased,phase
phases,phase
phasing,phase
phenomena,phenomenon
philosophies,philosophy
phoned,phone
phones,phone
phoning,phone
photographed,photograph
photographing,photograph
photographs,photograph
photos,photo
phrased,phrase
phrases,phrase
phrasing,phrase
physicals,physical
pianos,piano
picked,pick
picking,pick
picks,pick
pictured,picture
pictures,picture
picturing,picture
pieced,piece
pieces,piece
piecing,piece
pigged,pig
pigging,pig
pigs,pig
piled,pile
piles,pile
piling,pile
piloted,pilot
piloting,pilot
pilots,pilot
pinked,pink
pinker,pink
pinkest,pink
pinking,pink
pinks,pink
piped,pipe
pipes,pipe
piping,pipe
pitched,pitch
pitches,pitch
pitching,pitch
placed,place
places,place
placing,place
plainer,plain
plainest,plain
plains,plain
planed,plane
planes,plane
planets,planet
planned,plan
planning,plan
plans,plan
planted,plant
planting,plant
plantings,plant
plants,plant
plastics,plastic
plated,plate
plates,plate
platforms,platform
plating,plate
played,play
players,player
playing,play
plays,play
pleasanter,pleasant
pleasantest,pleasant
pleased,please
pleases,please
pleasing,please
pleasured,pleasure
pleasures,pleasure
pleasuring,pleasure
plots,plot
plotted,plot
plotting,plot
pluses,plus
pocketed,pocket
pocketing,pocket
pockets,pocket
poems,poem
poetries,poetry
poets,poet
pointed,point
pointing,point
points,point
policed,police
polices,police
policies,policy
policing,police
politicians,politician
polled,poll
polling,poll
polls,poll
pollutions,pollution
pooled,pool
pooling,pool
pools,pool
poorer,poor
poorest,poor
popped,pop
popping,pop
pops,pop
populations,population
ported,port
porting,port
portioned,portion
portioning,portion
portions,portion
portraits,portrait
ports,port
posed,pose
poses,pose
posing,pose
positioned,position
positioning,position
positions,position
positives,positive
possessed,possess
possesses,possess
possessing,possess
possessions,possession
possibilities,possibility
posted,post
posting,post
postings,post
posts,post
potatoes,potato
potentials,potential
pots,pot
potted,pot
potting,pot
pounded,pound
pounding,pound
poundings,pound
pounds,pound
poured,pour
pouring,pour
pours,pour
powered,power
powering,power
powers,power
practiced,practice
practices,practice
practicing,practice
practise,practice
practised,practice
practises,practice
practising,practice
praised,praise
praises,praise
praising,praise
prayed,pray
praying,pray
prays,pray
predicted,predict
predicting,predict
predicts,predict
prefered,prefer
preferences,preference
prefering,prefer
preferred,prefer
preferring,prefer
prefers,prefer
pregnancies,pregnancy
premised,premise
premises,premise
premising,premise
preparations,preparation
prepared,prepare
prepares,prepare
preparing,prepare
presences,presence
presentations,presentation
presented,present
presenting,present
presents,present
preserved,preserve
preserves,preserve
preserving,preserve
presidents,president
pressed,press
presses,press
pressing,press
pressings,press
pressured,pressure
pressures,pressure
pressuring,pressure
pretended,pretend
pretending,pretend
pretends,pretend
prettier,pretty
pretties,pretty
prettiest,pretty
prettying,pretty
prevented,prevent
preventing,prevent
prevents,prevent
priced,price
prices,price
pricing,price
pricings,price
prided,pride
prides,pride
priding,pride
primaries,primary
primed,prime
primes,prime
priming,prime
principals,principal
principled,principle
principles,principle
printed,print
printers,printer
printing,print
printings,print
prints,print
priorities,priority
priors,prior
prisoners,prisoner
prisons,prison
privileged,privilege
privileges,privilege
privileging,privilege
prized,prize
prizes,prize
probabilities,probability
problems,problem
procedures,procedure
proceeded,proceed
proceeding,proceed
proceedings,proceed
proceeds,proceed
processed,process
processes,process
processing,process
produced,produce
producers,producer
produces,produce
producing,produce
productions,production
products,product
prof,professor
professionals,professional
professions,profession
professors,professor
profiled,profile
profiles,profile
profiling,profile
profilings,profile
profited,profit
profiting,profit
profits,profit
programed,program
programing,program
programme,program
programmed,program
programmes,program
programming,program
programs,program
progressed,progress
progresses,progress
progressing,progress
projected,project
projecting,project
projects,project
promised,promise
promises,promise
promising,promise
promoted,promote
promotes,promote
promoting,promote
promotions,promotion
prompted,prompt
prompting,prompt
promptings,prompt
prompts,prompt
proofed,proof
proofing,proof
proofs,proof
properties,property
proportioned,proportion
proportioning,proportion
proportions,proportion
proposals,proposal
proposed,propose
proposes,propose
proposing,propose
pros,pro
prospected,prospect
prospecting,prospect
prospects,prospect
protected,protect
protecting,protect
protections,protection
protects,protect
proteins,protein
protested,protest
protesting,protest
protests,protest
prouder,proud
proudest,proud
proved,prove
proven,prove
proves,prove
provided,provide
provides,provide
providing,provide
provinces,province
proving,prove
provisioned,provision
provisioning,provision
provisions,provision
publications,publication
publics,public
publishers,publisher
pubs,pub
pulled,pull
pulling,pull
pulls,pull
pumped,pump
pumping,pump
pumps,pump
pupils,pupil
purchased,purchase
purchases,purchase
purchasing,purchase
purer,pure
purest,pure
purposed,purpose
purposes,purpose
purposing,purpose
pursued,pursue
pursues,pursue
pursuing,pursue
pushed,push
pushes,push
pushing,push
puts,put
putted,put
putting,put
qualifications,qualification
qualified,qualify
qualifies,qualify
qualifying,qualify
qualities,quality
quantities,quantity
quartered,quarter
quartering,quarter
quarters,quarter
questioned,question
questioning,question
questionings,question
questions,question
quicker,quick
quickest,quick
quieted,quiet
quieter,quiet
quietest,quiet
quieting,quiet
quiets,quiet
quoted,quote
quotes,quote
quoting,quote
raced,race
races,race
racials,racial
racing,race
radicals,radical
radioed,radio
radios,radio
railed,rail
railing,rail
railings,rail
rails,rail
rained,rain
raining,rain
rains,rain
raised,raise
raises,raise
raising,raise
raisings,raise
ran,run
rang,ring
ranged,range
ranges,range
ranging,range
ranked,rank
ranking,rank
rankings,rank
ranks,rank
rarer,rare
rarest,rare
rated,rate
rates,rate
rating,rate
ratings,rate
ratios,ratio
rats,rat
ratted,rat
ratting,rat
rawer,raw
rawest,raw
re,be
reached,reach
reaches,reach
reaching,reach
reacted,react
reacting,react
reactions,reaction
reacts,react
readers,reader
readied,ready
readier,ready
readies,ready
readiest,ready
reading,read
readings,read
reads,read
readying,ready
realer,real
realise,realize
realised,realize
realises,realize
realising,realize
realities,reality
realized,realize
realizes,realize
realizing,realize
reared,rear
rearing,rear
rears,rear
reasoned,reason
reasoning,reason
reasons,reason
recalled,recall
recalls,recall
received,receive
receives,receive
receiving,receive
reckoned,reckon
reckoning,reckon
reckons,reckon
recognise,recognize
recognised,recognize
recognises,recognize
recognising,recognize
recognitions,recognition
recognized,recognize
recognizes,recognize
recognizing,recognize
recommendations,recommendation
recommended,recommend
recommending,recommend
recommends,recommend
recorded,record
recording,record
recordings,record
records,record
recovered,recover
recoveries,recovery
recovering,recover
recovers,recover
recruited,recruit
recruiting,recruit
recruits,recruit
redder,red
reddest,red
reds,red
reduced,reduce
reduces,reduce
reducing,reduce
reductions,reduction
refered,refer
referenced,reference
references,reference
referencing,reference
refering,refer
referred,refer
referring,refer
refers,refer
reflected,reflect
reflecting,reflect
reflections,reflection
reflects,reflect
reformed,reform
reforming,reform
reforms,reform
refugees,refugee
refused,refuse
refuses,refuse
refusing,refuse
regarded,regard
regarding,regard
regards,regard
regionals,regional
regions,region
registered,register
registering,register
registers,register
registrations,registration
regrets,regret
regretted,regret
regretting,regret
regulars,regular
regulated,regulate
regulates,regulate
regulating,regulate
regulations,regulation
rejected,reject
rejecting,reject
rejects,reject
related,relate
relates,relate
relating,relate
relations,relation
relationships,relationship
relatives,relative
relaxed,relax
relaxes,relax
relaxing,relax
released,release
releases,release
releasing,release
reliables,reliable
relied,rely
reliefs,relief
relies,rely
religions,religion
relying,rely
remained,remain
remaining,remain
remains,remain
remarked,remark
remarking,remark
remarks,remark
remembered,remember
remembering,remember
remembers,remember
reminded,remind
reminding,remind
reminds,remind
remoter,remote
remotest,remote
removed,remove
removes,remove
removing,remove
rented,rent
renting,rent
rents,rent
repaired,repair
repairing,repair
repairs,repair
repeated,repeat
repeating,repeat
repeats,repeat
replaced,replace
replaces,replace
replacing,replace
replied,reply
replies,reply
replying,reply
reported,report
reporters,reporter
reporting,report
reports,report
representations,representation
representatives,representative
represented,represent
representing,represent
represents,represent
reputations,reputation
requested,request
requesting,request
requests,request
required,require
requirements,requirement
requires,require
requiring,require
rescued,rescue
rescues,rescue
rescuing,rescue
researched,research
researchers,researcher
researches,research
researching,research
reserved,reserve
reserves,reserve
reserving,reserve
residents,resident
resigned,resign
resigning,resign
resigns,resign
resistances,resistance
resisted,resist
resisting,resist
resists,resist
resolutions,resolution
resolved,resolve
resolves,resolve
resolving,resolve
resorted,resort
resorting,resort
resorts,resort
resourced,resource
resources,resource
resourcing,resource
respected,respect
respecting,respect
respects,respect
responded,respond
responding,respond
responds,respond
responses,response
responsibilities,responsibility
restaurants,restaurant
rested,rest
resting,rest
restored,restore
restores,restore
restoring,restore
restricted,restrict
restricting,restrict
restrictions,restriction
restricts,restrict
rests,rest
resulted,result
resulting,result
results,result
retailed,retail
retailing,retail
retails,retail
retained,retain
retaining,retain
retains,retain
retired,retire
retirements,retirement
retires,retire
retiring,retire
returned,return
returning,return
returns,return
revealed,reveal
revealing,reveal
revealled,reveal
revealling,reveal
reveals,reveal
revenues,revenue
reversed,reverse
reverses,reverse
reversing,reverse
reviewed,review
reviewing,review
reviews,review
revised,revise
revises,revise
revising,revise
revolutions,revolution
rewarded,reward
rewarding,reward
rewards,reward
rices,rice
richer,rich
richest,rich
ridded,rid
ridden,ride
ridding,rid
rides,ride
riding,ride
rids,rid
righted,right
righter,right
righting,right
rights,right
ringed,ring
ringing,ring
rings,ring
risen,rise
rises,rise
rising,rise
risked,risk
risking,risk
risks,risk
rivaled,rival
rivaling,rival
rivalled,rival
rivalling,rival
rivals,rival
rivers,river
roads,road
rocked,rock
rocking,rock
rocks,rock
rode,ride
roles,role
rolled,roll
rolling,roll
rolls,roll
romantics,romantic
roofed,roof
roofing,roof
roofs,roof
roomed,room
rooming,room
rooms,room
rooted,root
rooting,root
roots,root
rose,rise
roses,rose
roughed,rough
rougher,rough
roughest,rough
roughing,rough
roughs,rough
rounded,round
rounder,round
roundest,round
rounding,round
rounds,round
routes,route
routines,routine
rowed,row
rowing,row
rows,row
royals,royal
ruined,ruin
ruining,ruin
ruins,ruin
ruled,rule
rules,rule
ruling,rule
rulings,rule
rung,ring
running,run
runs,run
rushed,rush
rushes,rush
rushing,rush
s,be
sadder,sad
saddest,sad
safer,safe
safest,safe
safeties,safety
said,say
sailed,sail
sailing,sail
sails,sail
sakes,sake
salaried,salary
salaries,salary
sales,sale
salted,salt
salting,salt
salts,salt
sampled,sample
samples,sample
sampling,sample
samplings,sample
sanctioned,sanction
sanctioning,sanction
sanctions,sanction
sanded,sand
sanding,sand
sands,sand
sang,sing
sank,sink
sat,sit
satisfactions,satisfaction
satisfied,satisfy
satisfies,satisfy
satisfying,satisfy
saved,save
saves,save
saving,save
savings,save
saw,see
saying,say
sayings,say
says,say
scaled,scale
scales,scale
scaling,scale
scanned,scan
scanning,scan
scans,scan
scared,scare
scares,scare
scaring,scare
scenes,scene
scheduled,schedule
schedules,schedule
scheduling,schedule
schemed,scheme
schemes,scheme
scheming,scheme
scholars,scholar
schooled,school
schooling,school
schoolings,school
schools,school
sciences,science
scientists,scientist
scoped,scope
scopes,scope
scoping,scope
scored,score
scores,score
scoring,score
scorings,score
screamed,scream
screaming,scream
screams,scream
screened,screen
screening,screen
screenings,screen
screens,screen
sealed,seal
sealing,seal
sealings,seal
seals,seal
searched,search
searches,search
searching,search
seas,sea
seasoned,season
seasoning,season
seasonings,season
seasons,season
seated,seat
seating,seat
seats,seat
sec,second
seconded,second
seconding,second
seconds,second
secretaries,secretary
secrets,secret
sectioned,section
sectioning,section
sections,section
sectors,sector
secured,secure
secures,secure
securing,secure
securities,security
seeded,seed
seeding,seed
seeds,seed
seeing,see
seeking,seek
seeks,seek
seemed,seem
seeming,seem
seems,seem
seen,see
sees,see
segmented,segment
segmenting,segment
segments,segment
selected,select
selecting,select
selections,selection
selects,select
selling,sell
sells,sell
selves,self
sending,send
sends,send
seniors,senior
sensed,sense
senses,sense
sensing,sense
sent,send
sentenced,sentence
sentences,sentence
sentencing,sentence
separated,separate
separates,separate
separating,separate
sequenced,sequence
sequences,sequence
sequencing,sequence
sequencings,sequence
servants,servant
served,serve
servers,server
serves,serve
serviced,service
services,service
servicing,service
serving,serve
servings,serve
sessions,session
sets,set
setting,set
settings,set
settled,settle
settlements,settlement
settles,settle
settling,settle
severer,severe
severest,severe
sexes,sex
shaded,shade
shades,shade
shading,shade
shadows,shadow
shaken,shake
shakes,shake
shaking,shake
shaped,shape
shapes,shape
shaping,shape
shared,share
shareholders,shareholder
shares,share
sharing,share
sharper,sharp
sharpest,sharp
sheeted,sheet
sheeting,sheet
sheets,sheet
shelled,shell
shells,shell
sheltered,shelter
shelters,shelter
shelved,shelf
shelves,shelf
shelving,shelf
shifted,shift
shifting,shift
shifts,shift
shined,shine
shines,shine
shining,shine
shipped,ship
shipping,ship
ships,ship
shirted,shirt
shirting,shirt
shirts,shirt
shocked,shock
shocking,shock
shocks,shock
shod,shoe
shoed,shoe
shoes,shoe
shone,shine
shook,shake
shooting,shoot
shootings,shoot
shoots,shoot
shopped,shop
shopping,shop
shops,shop
shored,shore
shores,shore
shoring,shore
shorted,short
shorter,short
shortest,short
shorting,short
shorts,short
shots,shot
shoulda,should
shouldered,shoulder
shoulders,shoulder
shouldn,should
shouted,shout
shouting,shout
shouts,shout
showed,show
showered,shower
showering,shower
showers,shower
showing,show
shown,show
shows,show
shuts,shut
sicker,sick
sickest,sick
sided,side
sides,side
siding,side
sidings,side
sighed,sigh
sighing,sigh
sighs,sigh
sighted,sight
sighting,sight
sightings,sight
sights,sight
signaled,signal
signaling,signal
signalled,signal
signalling,signal
signals,signal
signed,sign
significances,significance
signing,sign
signs,sign
silenced,silence
silences,silence
silencing,silence
sillier,silly
silliest,silly
silvered,silver
silvers,silver
simpler,simple
simplest,simple
singers,singer
singing,sing
singled,single
singles,single
singling,single
sings,sing
sinking,sink
sinks,sink
sisters,sister
sited,site
sites,site
sits,sit
sitting,sit
situated,situate
situates,situate
situating,situate
situations,situation
sized,size
sizes,size
sizing,size
skied,ski
skies,sky
skiing,ski
skilled,skill
skills,skill
skinned,skin
skinning,skin
skins,skin
skirted,skirt
skirting,skirt
skirts,skirt
skis,ski
slaved,slave
slaves,slave
slaving,slave
sleeping,sleep
sleeps,sleep
slept,sleep
sliced,slice
slices,slice
slicing,slice
slid,slide
slides,slide
sliding,slide
slighted,slight
slighter,slight
slightest,slight
slighting,slight
slights,slight
slipped,slip
slipping,slip
slips,slip
slopes,slope
slowed,slow
slower,slow
slowest,slow
slowing,slow
slows,slow
smaller,small
smallest,small
smarted,smart
smarter,smart
smartest,smart
smarting,smart
smarts,smart
smelled,smell
smelling,smell
smells,smell
smiled,smile
smiles,smile
smiling,smile
smoked,smoke
smokes,smoke
smoking,smoke
smoothed,smooth
smoother,smooth
smoothest,smooth
smoothing,smooth
snapped,snap
snapping,snap
snaps,snap
snowed,snow
snowing,snow
snows,snow
socials,social
societies,society
softer,soft
softest,soft
soiled,soil
soiling,soil
soils,soil
sold,sell
soldiered,soldier
soldiering,soldier
soldiers,soldier
solids,solid
solutions,solution
solved,solve
solves,solve
solving,solve
songs,song
sons,son
sooner,soon
soonest,soon
sorrier,sorry
sorriest,sorry
sorted,sort
sorting,sort
sorts,sort
sought,seek
souls,soul
sounded,sound
sounding,sound
sounds,sound
sourced,source
sources,source
sourcing,source
spaced,space
spaces,space
spacing,space
spared,spare
sparer,spare
spares,spare
sparest,spare
sparing,spare
speakers,speaker
speaking,speak
speaks,speak
specialise,specialize
specialised,specialize
specialises,specialize
specialising,specialize
specialists,specialist
specialized,specialize
specializes,specialize
specializing,specialize
specials,special
specifics,specific
specified,specify
specifies,specify
specifying,specify
sped,speed
speeches,speech
speeded,speed
speeding,speed
speeds,speed
spelled,spell
spelling,spell
spellings,spell
spells,spell
spelt,spell
spending,spend
spends,spend
spent,spend
spinning,spin
spins,spin
spirited,spirit
spiriting,spirit
spirits,spirit
splits,split
splitting,split
spoke,speak
spoken,speak
sponsored,sponsor
sponsoring,sponsor
sponsors,sponsor
sported,sport
sporting,sport
sports,sport
spots,spot
spotted,spot
spotting,spot
sprang,spring
spreading,spread
spreads,spread
springing,spring
springs,spring
sprung,spring
spun,spin
squared,square
squarer,square
squares,square
squarest,square
squaring,square
stabilities,stability
stabled,stable
stables,stable
stabling,stable
staffed,staff
staffing,staff
staffs,staff
staged,stage
stages,stage
staging,stage
stained,stain
staining,stain
stains,stain
stairs,stair
staked,stake
stakes,stake
staking,stake
stamped,stamp
stamping,stamp
stamps,stamp
standards,standard
standing,stand
stands,stand
stared,stare
stares,stare
staring,stare
starred,star
starring,star
stars,star
started,start
starting,start
starts,start
stated,state
statements,statement
states,state
stating,state
stationed,station
stationing,station
stations,station
statistics,statistic
stayed,stay
staying,stay
stays,stay
steadied,steady
steadier,steady
steadies,steady
steadiest,steady
steadying,steady
stealing,steal
steals,steal
steeled,steel
steeling,steel
steels,steel
stemmed,stem
stemming,stem
stems,stem
stepped,step
stepping,step
steps,step
sticking,stick
sticks,stick
stilled,still
stiller,still
stillest,still
stilling,still
stills,still
stimulated,stimulate
stimulates,stimulate
stimulating,stimulate
stirred,stir
stirring,stir
stirrings,stir
stirs,stir
stocked,stock
stocking,stock
stocks,stock
stole,steal
stolen,steal
stomached,stomach
stomaching,stomach
stomachs,stomach
stoned,stone
stones,stone
stoning,stone
stood,stand
stopped,stop
stopping,stop
stops,stop
storages,storage
stored,store
stores,store
storey,story
storied,story
stories,story
storing,store
stormed,storm
storming,storm
storms,storm
storys,story
straighter,straight
straightest,straight
strained,strain
straining,strain
strains,strain
strangers,stranger
strangest,strange
strategies,strategy
streamed,stream
streaming,stream
streams,stream
streets,street
strengthened,strengthen
strengthening,strengthen
strengthens,strengthen
strengths,strength
stressed,stress
stresses,stress
stretched,stretch
stretches,stretch
stretching,stretch
stricter,strict
strictest,strict
strikes,strike
striking,strike
stringing,string
strings,string
stripped,strip
stripping,strip
strips,strip
stroked,stroke
strokes,stroke
stroking,stroke
stronger,strong
strongest,strong
struck,strike
structured,structure
structures,structure
structuring,structure
struggled,struggle
struggles,struggle
struggling,struggle
strung,string
stuck,stick
students,student
studied,study
studies,study
studios,studio
studying,study
stuffed,stuff
stuffing,stuff
stuffs,stuff
stupider,stupid
stupidest,stupid
styled,style
styles,style
styling,style
subjected,subject
subjecting,subject
subjects,subject
submits,submit
submitted,submit
submitting,submit
substances,substance
substituted,substitute
substitutes,substitute
substituting,substitute
succeeded,succeed
succeeding,succeed
succeeds,succeed
successes,success
suffered,suffer
suffering,suffer
sufferred,suffer
sufferring,suffer
suffers,suffer
sugared,sugar
sugars,sugar
suggested,suggest
suggesting,suggest
suggestions,suggestion
suggests,suggest
suited,suit
suiting,suit
suits,suit
summaries,summary
summarise,summarize
summarised,summarize
summarises,summarize
summarising,summarize
summarized,summarize
summarizes,summarize
summarizing,summarize
summed,sum
summered,summer
summers,summer
summing,sum
sums,sum
sung,sing
sunk,sink
sunned,sun
sunning,sun
suns,sun
supplemented,supplement
supplementing,supplement
supplements,supplement
supplied,supply
suppliers,supplier
supplies,supply
supplying,supply
supported,support
supporters,supporter
supporting,support
supports,support
supposed,suppose
supposes,suppose
supposing,suppose
surer,sure
surest,sure
surfaced,surface
surfaces,surface
surfacing,surface
surgeries,surgery
surprised,surprise
surprises,surprise
surprising,surprise
surrounded,surround
surrounding,surround
surroundings,surround
surrounds,surround
surveyed,survey
surveying,survey
surveys,survey
survivals,survival
survived,survive
survives,survive
surviving,survive
suspected,suspect
suspecting,suspect
suspects,suspect
suspended,suspend
suspending,suspend
suspends,suspend
sustained,sustain
sustaining,sustain
sustains,sustain
swam,swim
swearing,swear
swears,swear
sweeping,sweep
sweepings,sweep
sweeps,sweep
sweeter,sweet
sweetest,sweet
sweets,sweet
swept,sweep
swimming,swim
swims,swim
swinging,swing
swings,swing
switched,switch
switches,switch
switching,switch
swore,swear
sworn,swear
swum,swim
swung,swing
symbols,symbol
symptoms,symptom
systems,system
t,not
tabled,table
tables,table
tackled,tackle
tackles,tackle
tackling,tackle
tailed,tail
tailing,tail
tails,tail
taken,take
takes,take
taking,take
talented,talent
talents,talent
tales,tale
talked,talk
talking,talk
talks,talk
taller,tall
tallest,tall
tanked,tank
tanking,tank
tanks,tank
taped,tape
tapes,tape
taping,tape
tapped,tap
tapping,tap
taps,tap
targeted,target
targeting,target
targets,target
tasked,task
tasking,task
tasks,task
tasted,taste
tastes,taste
tasting,taste
tastings,taste
taught,teach
taxed,tax
taxes,tax
taxies,taxi
taxiing,taxi
taxing,tax
taxis,taxi
teachers,teacher
teaches,teach
teaching,teach
teachings,teach
teamed,team
teaming,team
teams,team
tearing,tear
tears,tear
teas,tea
techniques,technique
technologies,technology
teenagers,teenager
teeth,tooth
telephoned,telephone
telephones,telephone
telephoning,telephone
televisions,television
telling,tell
tells,tell
temperatures,temperature
tended,tend
tendencies,tendency
tenders,tender
tending,tend
tends,tend
tensioned,tension
tensioning,tension
tensions,tension
tented,tent
tenting,tent
tents,tent
termed,term
terming,term
terms,term
territories,territory
terrorists,terrorist
tested,test
testing,test
tests,test
texts,text
thanked,thank
thanking,thank
thanks,thank
theaters,theater
theatre,theater
theatres,theater
their,they
theirs,they
them,they
themed,theme
themes,theme
theories,theory
therapies,therapy
these,this
thicker,thick
thickest,thick
things,thing
thinking,think
thinks,think
thinned,thin
thinner,thin
thinnest,thin
thinning,thin
thins,thin
thirsted,thirst
thirsting,thirst
thirsts,thirst
those,that
thought,think
thoughts,think
threatened,threaten
threatening,threaten
threatens,threaten
threats,threat
threw,throw
throats,throat
throwing,throw
thrown,throw
throws,throw
ticketed,ticket
ticketing,ticket
tickets,ticket
tied,tie
ties,tie
tighter,tight
tightest,tight
til,until
tilled,till
tilling,till
tills,till
timed,time
times,time
timing,time
tinier,tiny
tiniest,tiny
tipped,tip
tipping,tip
tips,tip
tired,tire
tires,tire
tiring,tire
tissues,tissue
titled,title
titles,title
titling,title
told,tell
tomorrows,tomorrow
toned,tone
tones,tone
tongued,tongue
tongues,tongue
tonguing,tongue
toning,tone
took,take
tooled,tool
tooling,tool
tools,tool
toothed,tooth
topics,topic
topped,top
topping,top
toppings,top
tops,top
tore,tear
totaled,total
totaling,total
totalled,total
totalling,total
totals,total
touched,touch
touches,touch
touching,touch
tougher,tough
toughest,tough
toured,tour
touring,tour
tourists,tourist
tournaments,tournament
tours,tour
towards,toward
towered,tower
towering,tower
towers,tower
towns,town
toyed,toy
toying,toy
toys,toy
traced,trace
traces,trace
tracing,trace
tracings,trace
tracked,track
tracking,track
tracks,track
traded,trade
trades,trade
trading,trade
traditions,tradition
traffick,traffic
trafficked,traffic
trafficking,traffic
trafficks,traffic
traffics,traffic
trailed,trail
trailing,trail
trails,trail
trained,train
training,train
trainings,train
trains,train
transfering,transfer
transferred,transfer
transferring,transfer
transfers,transfer
transformed,transform
transforming,transform
transforms,transform
transitioned,transition
transitioning,transition
transitions,transition
translated,translate
translates,translate
translating,translate
transportations,transportation
transported,transport
transporting,transport
transports,transport
trapped,trap
trapping,trap
trappings,trap
traps,trap
traveled,travel
traveling,travel
travelled,travel
travelling,travel
travels,travel
treated,treat
treating,treat
treatments,treatment
treats,treat
trees,tree
trended,trend
trending,trend
trends,trend
trialed,trial
trialing,trial
trialled,trial
trialling,trial
trials,trial
tricked,trick
tricking,trick
tricks,trick
tried,try
tries,try
triggered,trigger
triggering,trigger
triggers,trigger
tripped,trip
tripping,trip
trips,trip
troops,troop
troubled,trouble
troubles,trouble
troubling,trouble
trucked,truck
trucking,truck
trucks,truck
trued,true
truer,true
trues,true
truest,true
truing,true
trusted,trust
trusting,trust
trusts,trust
truths,truth
trying,try
tubed,tube
tubes,tube
tubing,tube
tuned,tune
tunes,tune
tuning,tune
turned,turn
turning,turn
turns,turn
twins,twin
twisted,twist
twisting,twist
twists,twist
tying,tie
typed,type
types,type
typing,type
uglier,ugly
ugliest,ugly
uncertainties,uncertainty
uncles,uncle
undergoes,undergo
undergoing,undergo
undergone,undergo
underlain,underlie
underlies,underlie
underlying,underlie
understanding,understand
understandings,understand
understands,understand
understood,understand
undertaken,undertake
undertakes,undertake
undertaking,undertake
undertakings,undertake
undertook,undertake
underwent,undergo
uniformed,uniform
uniforms,uniform
unions,union
united,unite
unites,unite
uniting,unite
units,unit
universals,universal
universes,universe
universities,university
unknowns,unknown
unlikelier,unlikely
unlikeliest,unlikely
updated,update
updates,update
updating,update
upped,up
uppers,upper
upping,up
ups,up
upsets,upset
upsetting,upset
urged,urge
urges,urge
urging,urge
urgings,urge
us,we
used,use
users,user
uses,use
using,use
valleys,valley
valuables,valuable
valued,value
values,value
valuing,value
vans,van
variables,variable
variations,variation
varied,vary
varies,vary
varieties,variety
varying,vary
vaster,vast
vastest,vast
ve,have
vegetables,vegetable
vehicles,vehicle
ventured,venture
ventures,venture
venturing,venture
verbs,verb
versioned,version
versions,version
vessels,vessel
veterans,veteran
vices,vice
victims,victim
victories,victory
videoed,video
videos,video
viewed,view
viewing,view
views,view
villages,village
viruses,virus
visions,vision
visited,visit
visiting,visit
visitors,visitor
visits,visit
visuals,visual
vitals,vital
voiced,voice
voices,voice
voicing,voice
volumes,volume
volunteered,volunteer
volunteering,volunteer
volunteers,volunteer
voted,vote
voters,voter
votes,vote
voting,vote
waged,wage
wages,wage
waging,wage
waited,wait
waiting,wait
waits,wait
waked,wake
wakes,wake
waking,wake
walked,walk
walking,walk
walks,walk
walled,wall
walling,wall
walls,wall
wandered,wander
wandering,wander
wanderings,wander
wanders,wander
wanna,want
wanted,want
wanting,want
wants,want
warmed,warm
warmer,warm
warmest,warm
warming,warm
warms,warm
warned,warn
warning,warn
warnings,warn
warns,warn
warred,war
warring,war
wars,war
was,be
washed,wash
washes,wash
washing,wash
wasn,be
wasted,waste
wastes,waste
wasting,waste
watched,watch
watches,watch
watching,watch
watered,water
watering,water
waters,water
waved,wave
waves,wave
waving,wave
ways,way
weaker,weak
weakest,weak
weaknesses,weakness
wealthier,wealthy
wealthiest,wealthy
weapons,weapon
wearing,wear
wears,wear
weathered,weather
weathering,weather
weathers,weather
web site,website
web sites,website
web-site,website
web-sites,website
webbed,web
webbing,web
webbings,web
webs,web
websites,website
wedded,wed
wedding,wed
weddings,wed
weds,wed
weekending,weekend
weekends,weekend
weeklies,weekly
weeks,week
weighed,weigh
weighing,weigh
weighs,weigh
weighted,weight
weighting,weight
weightings,weight
weights,weight
weirder,weird
weirdest,weird
welcomed,welcome
welcomes,welcome
welcoming,welcome
welfares,welfare
welled,well
welling,well
wells,well
went,go
were,be
weren,be
westerns,western
wets,wet
wetted,wet
wetter,wet
wettest,wet
wetting,wet
wheeled,wheel
wheeling,wheel
wheels,wheel
whiled,while
whiles,while
whiling,while
whispered,whisper
whispering,whisper
whisperings,whisper
whispers,whisper
whiter,white
whites,white
whitest,white
wholes,whole
whom,who
whose,who
wider,wide
widest,wide
wilder,wild
wildest,wild
wilds,wild
willed,will
willing,will
wills,will
winded,wind
winding,wind
windowed,window
windowing,window
windows,window
winds,wind
wines,wine
winged,wing
winging,wing
wings,wing
wining,wine
winners,winner
winning,win
winnings,win
wins,win
wintered,winter
wintering,winter
winters,winter
wiped,wipe
wipes,wipe
wiping,wipe
wired,wire
wires,wire
wiring,wire
wirings,wire
wised,wise
wiser,wise
wises,wise
wisest,wise
wished,wish
wishes,wish
wishing,wish
wising,wise
withdrawing,withdraw
withdrawn,withdraw
withdraws,withdraw
withdrew,withdraw
witnessed,witness
witnesses,witness
witnessing,witness
wives,wife
woke,wake
woken,wake
women,woman
won,will
wondered,wonder
wondering,wonder
wonderings,wonder
wonders,wonder
wooded,wood
woods,wood
worded,word
wording,word
wordings,word
words,word
wore,wear
worked,work
workers,worker
working,work
workings,work
works,work
worlds,world
worn,wear
worried,worry
worries,worry
worrying,worry
worse,bad
worst,bad
wouldn,would
wound,wind
wounded,wound
wounding,wound
wounds,wound
wrapped,wrap
wrapping,wrap
wrappings,wrap
wraps,wrap
writers,writer
writes,write
writing,write
writings,write
written,write
wronged,wrong
wronging,wrong
wrongs,wrong
wrote,write
y,you
yards,yard
ye,you
years,year
yellowed,yellow
yellowing,yellow
yellows,yellow
yeses,yes
yesterdays,yesterday
yielded,yield
yielding,yield
yields,yield
younger,young
youngest,young
your,you
yours,you
yourselves,yourself
youths,youth
zoned,zone
zones,zone
zoning,zone
zonings,zone
